1,google.com
2,youtube.com
3,tmall.com
4,baidu.com
5,qq.com
6,sohu.com
7,facebook.com
8,taobao.com
9,360.cn
10,jd.com
11,amazon.com
12,yahoo.com
13,wikipedia.org
14,weibo.com
15,sina.com.cn
16,zoom.us
17,xinhuanet.com
18,live.com
19,reddit.com
20,netflix.com
21,microsoft.com
22,panda.tv
23,instagram.com
24,office.com
25,zhanqi.tv
26,alipay.com
27,google.com.hk
28,csdn.net
29,vk.com
30,myshopify.com
31,bing.com
32,yahoo.co.jp
33,microsoftonline.com
34,twitch.tv
35,okezone.com
36,naver.com
37,bongacams.com
38,twitter.com
39,ebay.com
40,tianya.cn
41,yy.com
42,adobe.com
43,huanqiu.com
44,amazon.in
45,aliexpress.com
46,amazon.co.jp
47,stackoverflow.com
48,canva.com
49,17ok.com
50,aparat.com
51,linkedin.com
52,apple.com
53,chaturbate.com
54,yandex.ru
55,haosou.com
56,mail.ru
57,tradingview.com
58,msn.com
59,whatsapp.com
60,wordpress.com
61,dropbox.com
62,so.com
63,google.com.br
64,google.co.in
65,tribunnews.com
66,1688.com
67,ok.ru
68,indeed.com
69,etsy.com
70,imdb.com
71,babytree.com
72,chase.com
73,livejasmin.com
74,tiktok.com
75,pornhub.com
76,google.de
77,fandom.com
78,google.co.jp
79,amazonaws.com
80,rakuten.co.jp
81,instructure.com
82,gome.com.cn
83,force.com
84,spotify.com
85,6.cn
86,cnblogs.com
87,kompas.com
88,coinmarketcap.com
89,163.com
90,xvideos.com
91,hao123.com
92,github.com
93,paypal.com
94,binance.com
95,roblox.com
96,imgur.com
97,zillow.com
98,intuit.com
99,savefrom.net
100,amazon.co.uk
101,nytimes.com
102,cnn.com
103,detik.com
104,xhamster.com
105,walmart.com
106,bbc.com
107,bilibili.com
108,rednet.cn
109,ettoday.net
110,google.cn
111,espn.com
112,telegram.org
113,google.ru
114,okta.com
115,booking.com
116,google.fr
117,wetransfer.com
118,primevideo.com
119,grammarly.com
120,cnzz.com
121,alibaba.com
122,amazon.de
123,daum.net
124,tumblr.com
125,salesforce.com
126,udemy.com
127,nih.gov
128,medium.com
129,flipkart.com
130,stackexchange.com
131,indiatimes.com
132,google.it
133,google.es
134,slack.com
135,godaddy.com
136,pinterest.com
137,freepik.com
138,zhihu.com
139,ilovepdf.com
140,google.com.sg
141,pixnet.net
142,soundcloud.com
143,cowin.gov.in
144,padlet.com
145,bbc.co.uk
146,digikala.com
147,healthline.com
148,vimeo.com
149,tokopedia.com
150,wellsfargo.com
151,speedtest.net
152,w3schools.com
153,jiameng.com
154,amazon.ca
155,tistory.com
156,fiverr.com
157,hotstar.com
158,google.com.tw
159,51.la
160,shutterstock.com
161,deepl.com
162,telewebion.com
163,craigslist.org
164,youm7.com
165,researchgate.net
166,wix.com
167,bet9ja.com
168,onlinesbi.com
169,smallpdf.com
170,mediafire.com
171,archive.org
172,theguardian.com
173,duckduckgo.com
174,quizlet.com
175,bestbuy.com
176,google.co.uk
177,t.me
178,kumparan.com
179,momoshop.com.tw
180,suara.com
181,homedepot.com
182,sogou.com
183,zerodha.com
184,tudou.com
185,etoro.com
186,soso.com
187,google.com.mx
188,pikiran-rakyat.com
189,chess.com
190,ltn.com.tw
191,videocampaign.co
192,slideshare.net
193,ups.com
194,investing.com
195,google.com.tr
196,aliyun.com
197,avito.ru
198,varzesh3.com
199,trendyol.com
200,uol.com.br
201,hulu.com
202,liputan6.com
203,usps.com
204,ebay.de
205,ikea.com
206,fedex.com
207,gosuslugi.ru
208,cnet.com
209,trello.com
210,washingtonpost.com
211,globo.com
212,mozilla.org
213,manoramaonline.com
214,disneyplus.com
215,hdfcbank.com
216,grid.id
217,lazada.sg
218,360.com
219,metropoles.com
220,ca.gov
221,capitalone.com
222,irs.gov
223,americanexpress.com
224,xnxx.com
225,cnnic.cn
226,skype.com
227,google.ca
228,fidelity.com
229,investopedia.com
230,bet365.com
231,coursera.org
232,zendesk.com
233,realtor.com
234,merdeka.com
235,zol.com.cn
236,chouftv.ma
237,yelp.com
238,sindonews.com
239,redd.it
240,proiezionidiborsa.it
241,kakao.com
242,discord.com
243,zoho.com
244,worldometers.info
245,namnak.com
246,iqbroker.com
247,wikihow.com
248,cnbc.com
249,businessinsider.com
250,y2mate.com
251,target.com
252,blackboard.com
253,setn.com
254,mercari.com
255,aliexpress.ru
256,airbnb.com
257,51yes.com
258,sonhoo.com
259,google.com.ar
260,weather.com
261,blogger.com
262,mercadolibre.com.ar
263,sciencedirect.com
264,box.com
265,taboola.com
266,googlevideo.com
267,amazon.fr
268,icicibank.com
269,foxnews.com
270,cloudfront.net
271,chegg.com
272,shaparak.ir
273,google.co.th
274,reverso.net
275,bankofamerica.com
276,gmw.cn
277,google.com.sa
278,t.co
279,line.me
280,donya-e-eqtesad.com
281,geeksforgeeks.org
282,amazon.it
283,squarespace.com
284,in.gr
285,ebay.co.uk
286,amazon.es
287,asos.com
288,dailymotion.com
289,wildberries.ru
290,behance.net
291,moneycontrol.com
292,bukalapak.com
293,forbes.com
294,dailymail.co.uk
295,namu.wiki
296,sq.cn
297,redfin.com
298,pexels.com
299,mercadolibre.com.mx
300,scribd.com
301,linktr.ee
302,hootsuite.com
303,ask.com
304,mercadolivre.com.br
305,google.com.eg
306,allegro.pl
307,pixabay.com
308,sahibinden.com
309,op.gg
310,spankbang.com
311,samsung.com
312,elwatannews.com
313,tripadvisor.com
314,shein.com
315,adp.com
316,fc2.com
317,sberbank.ru
318,canada.ca
319,aol.com
320,wikimedia.org
321,ibicn.com
322,ih5.cn
323,upwork.com
324,weebly.com
325,google.pl
326,liansuo.com
327,patreon.com
328,gismeteo.ru
329,idntimes.com
330,rt.com
331,hp.com
332,trustpilot.com
333,web.de
334,utorrent.com
335,dell.com
336,atlassian.net
337,wayfair.com
338,iyiou.com
339,twimg.com
340,goodreads.com
341,nicovideo.jp
342,thestartmagazine.com
343,glassdoor.com
344,evernote.com
345,shopee.tw
346,turkiye.gov.tr
347,ameblo.jp
348,webex.com
349,thesaurus.com
350,focus.cn
351,state.gov
352,citi.com
353,google.co.id
354,bloomberg.com
355,pinimg.com
356,cnnindonesia.com
357,360doc.com
358,ameritrade.com
359,mailchimp.com
360,agacelebir.com
361,manage.wix.com
362,gusuwang.com
363,naukri.com
364,namasha.com
365,nike.com
366,thepiratebay.org
367,marketwatch.com
368,kapanlagi.com
369,wordpress.org
370,myworkday.com
371,xfinity.com
372,1337x.to
373,ebay-kleinanzeigen.de
374,onlyfans.com
375,qoo10.sg
376,ladbible.com
377,docusign.net
378,td.com
379,atlassian.com
380,academia.edu
381,lowes.com
382,albawabhnews.com
383,rambler.ru
384,envato.com
385,dbs.com.sg
386,costco.com
387,wsj.com
388,office365.com
389,shopee.co.id
390,dspultra.com
391,ozon.ru
392,notion.so
393,orange.fr
394,coursehero.com
395,marca.com
396,softonic.com
397,patria.org.ve
398,breitbart.com
399,quora.com
400,docusign.com
401,hbomax.com
402,reuters.com
403,ouedkniss.com
404,eghtesadnews.com
405,cambridge.org
406,rctiplus.com
407,schwab.com
408,themeforest.net
409,crunchyroll.com
410,shopee.com.my
411,mlb.com
412,google.co.kr
413,bp.blogspot.com
414,divar.ir
415,patch.com
416,yts.mx
417,google.com.au
418,udn.com
419,fast.com
420,gmx.net
421,laodong.vn
422,ninisite.com
423,coingecko.com
424,webmd.com
425,ria.ru
426,ensonhaber.com
427,indiamart.com
428,tutorialspoint.com
429,flickr.com
430,istockphoto.com
431,douban.com
432,filimo.com
433,kakaku.com
434,runoob.com
435,oschina.net
436,payoneer.com
437,pulzo.com
438,vnexpress.net
439,dcard.tw
440,outbrain.com
441,biobiochile.cl
442,abs-cbn.com
443,clickpost.jp
444,dmm.co.jp
445,secureserver.net
446,9gag.com
447,steamcommunity.com
448,cdc.gov
449,livejournal.com
450,deviantart.com
451,oracle.com
452,constantcontact.com
453,att.com
454,ndtv.com
455,rezka.ag
456,brilio.net
457,kompas.tv
458,remove.bg
459,banvenez.com
460,58.com
461,google.gr
462,heavy.com
463,surveymonkey.com
464,coinbase.com
465,macys.com
466,iqiyi.com
467,google.com.ua
468,expedia.com
469,feedly.com
470,alodokter.com
471,genius.com
472,jpnn.com
473,verizon.com
474,house365.com
475,unsplash.com
476,leboncoin.fr
477,myworkdayjobs.com
478,uptodown.com
479,ebay.com.au
480,google.az
481,babyschool.com.cn
482,usatoday.com
483,aporasal.net
484,springer.com
485,it168.com
486,rakuten.com
487,lenta.ru
488,google.com.vn
489,dhl.com
490,meituan.com
491,eghtesadonline.com
492,mathrubhumi.com
493,cricbuzz.com
494,chinanetrank.com
495,jianshu.com
496,freelancer.com
497,messenger.com
498,eatthis.com
499,w3school.com.cn
500,ny.gov